Learner,NumIntervals,TimeEffectSlope,TimeEffectIntercept,TimeEffectCorrelation
L001,8,9.192237759992153e-16,10.0,
L002,6,-3.18181818181818,31.666666666666657,-0.6788335930269975
L003,8,-6.9841269841269895,47.53968253968256,-0.40429975404131224
