Learner,NumIntervals,TimeEffectSlope,TimeEffectIntercept,TimeEffectCorrelation
L001,10,2.1896733403582713,-5.929399367755533,0.6815348195175588
L002,8,0.40992448759439054,1.194174757281553,0.4369167054006657
